video_id,role,year,era,gender,round,match,mcp_points,video_points,matched,coverage,side_agree,serves_agree,points,rally_exact,rally_within1,rally_bias,rally_mae,server_behind_baseline,return_outward_median_m,serve_wide_vs_T_auc,recv_right_x_median_by_dir,shot_dir_1_vs_3_auc,net_shot_auc,dnet_median_net_shots,dnet_median_other,side_n,side_acc,side_acc_near,side_acc_far,side_ece,fam_n,fam_acc,fam_macro_f1,slice_recall,volley_recall
Q4UB3yY_C2k,dev,2024,2021-25,w,QF,Aryna Sabalenka v Qinwen Zheng,101,99,92,0.9108910891089109,0.9782608695652174,0.8260869565217391,92,0.6847826086956522,0.9239130434782609,0.08695652173913043,0.45652173913043476,1.0,"{'4': 5.02, '5': 3.3, '6': 2.56}",0.9921052631578948,"{'1': 2.1, '2': -0.26, '3': -2.32}",0.9965034965034966,0.9992,6.085168379348236,13.967991863160085,238,0.9621848739495799,0.9827586206896551,0.9426229508196722,0.02840017993576683,238,0.8781512605042017,0.45577853403940366,0.4782608695652174,1.0
yZEFoOsYXxY,dev,2017,2016-20,w,SF,Madison Keys v Coco Vandeweghe,98,91,86,0.8775510204081632,1.0,0.9069767441860465,84,0.6904761904761905,0.8571428571428571,-0.20238095238095238,0.5119047619047619,1.0,"{'4': 3.93, '5': 3.26, '6': 2.52}",0.9298850574712645,"{'1': 2.44, '2': -0.35, '3': -2.6}",0.9981389578163772,0.9901263823064771,7.0723646060511935,12.916207754230957,211,0.966824644549763,0.9494949494949495,0.9821428571428571,0.031745453211444306,211,0.8909952606635071,0.4411322011322012,0.5217391304347826,0.6666666666666666
5mIZttghS5M,dev,2005,2001-05,w,F,Mary Pierce v Kim Clijsters,96,100,89,0.9270833333333334,0.9887640449438202,0.797752808988764,88,0.6477272727272727,0.8636363636363636,-0.26136363636363635,0.8295454545454546,1.0,"{'4': 3.91, '5': 0.61, '6': 2.05}",0.9247606019151846,"{'1': 2.28, '2': -0.04, '3': -2.39}",0.9993293091884642,0.9893292682926829,6.5821394410790015,12.69984556866958,313,0.9201277955271565,0.918918918918919,0.9212121212121213,0.033068394640883014,313,0.9137380191693291,0.47639012561484906,0.3448275862068966,0.375
j0Q8C3YOqkY,dev,2015,2011-15,m,SF,Novak Djokovic v Marin Cilic,122,134,109,0.8934426229508197,0.9908256880733946,0.7155963302752294,108,0.6296296296296297,0.8240740740740741,-0.5370370370370371,0.8148148148148148,1.0,"{'4': 4.74, '5': 3.5, '6': 2.34}",0.9773175542406312,"{'1': 2.46, '2': -0.83, '3': -3.14}",0.9784639335755059,0.9971509971509972,5.511478900411234,13.111708286958036,349,0.8825214899713467,0.8705882352941177,0.8938547486033519,0.08912030949626973,349,0.8968481375358166,0.3701736328378873,0.38235294117647056,1.0
sXCOJR-oNNY,test,2003,2001-05,m,F,Andy Roddick v Juan Carlos Ferrero,177,169,162,0.9152542372881356,0.9814814814814815,0.8827160493827161,162,0.6728395061728395,0.8888888888888888,0.024691358024691357,0.5555555555555556,1.0,"{'4': 4.69, '5': 3.04, '6': 2.37}",0.9719135802469137,"{'1': 2.26, '2': -0.83, '3': -2.85}",0.9921639541892706,0.9909396314771455,5.540915455000409,13.379539728416566,492,0.8983739837398373,0.9518072289156626,0.8436213991769548,0.056954344242850265,492,0.8780487804878049,0.42918875258720784,0.42,0.8571428571428571
mkwlu1dmVXU,test,2001,2001-05,w,F,Serena Williams v Venus Williams,115,102,94,0.8173913043478261,0.9893617021276596,0.8191489361702128,92,0.5434782608695652,0.8913043478260869,0.16304347826086957,0.6630434782608695,1.0,"{'4': 3.51, '5': 2.9, '6': 2.12}",0.9072916666666666,"{'1': 2.01, '2': -0.25, '3': -2.31}",0.9598214285714285,0.9726530612244898,6.383075912557641,12.667606775742136,321,0.8348909657320872,0.8456375838926175,0.8255813953488372,0.11269300222667938,321,0.9190031152647975,0.37298608792431825,0.375,0.7142857142857143
aguLrkK0DJU,test,2007,2006-10,w,F,Svetlana Kuznetsova v Justine Henin,125,115,103,0.824,1.0,0.8446601941747572,100,0.61,0.85,-0.26,0.64,1.0,"{'4': 4.18, '5': 3.14, '6': 2.24}",0.9823380992430614,"{'1': 1.78, '2': -0.69, '3': -2.28}",0.9601060472162606,0.9955229226361032,5.166918762642821,12.999249398850191,347,0.8069164265129684,0.9156626506024096,0.7071823204419889,0.116981091891521,347,0.7780979827089337,0.326268115942029,0.43333333333333335,1.0
4y-5TWeS-mM,test,2008,2006-10,m,F,Roger Federer v Andy Murray,162,169,152,0.9382716049382716,1.0,0.8618421052631579,152,0.6118421052631579,0.8486842105263158,-0.5197368421052632,0.8092105263157895,0.9931506849315068,"{'4': 4.2, '5': 3.45, '6': 2.49}",0.8888127853881278,"{'1': 2.31, '2': -0.93, '3': -2.73}",0.9990674846625767,0.9945117029862793,4.812359722909886,12.655556958920922,590,0.9135593220338983,0.916083916083916,0.9111842105263158,0.03735824344525536,590,0.7728813559322034,0.3428060071804782,0.2755102040816326,1.0
W7fCn_Y4yEk,test,2014,2011-15,w,F,Serena Williams v Caroline Wozniacki,114,123,109,0.956140350877193,0.981651376146789,0.7981651376146789,109,0.6238532110091743,0.8899082568807339,-0.06422018348623854,0.6146788990825688,1.0,"{'4': 4.12, '5': 2.94, '6': 1.68}",0.9381313131313131,"{'1': 2.14, '2': 0.11, '3': -2.2}",0.9643581938102487,0.9990521327014218,5.838823258981737,13.018751475583617,401,0.9351620947630923,0.9359605911330049,0.9343434343434344,0.04539088466111394,401,0.9251870324189526,0.4141677019987358,0.42857142857142855,1.0
Qa14hLnC-B4,test,2015,2011-15,m,SF,Stan Wawrinka v Roger Federer,155,160,149,0.9612903225806452,0.9932885906040269,0.8322147651006712,148,0.6486486486486487,0.8783783783783784,-0.11486486486486487,0.6554054054054054,1.0,"{'4': 4.1, '5': 2.78, '6': 2.08}",0.9424372320881813,"{'1': 2.02, '2': -0.91, '3': -2.81}",0.974014945652174,0.9383583519642287,6.672432348740584,12.426751839809327,396,0.8939393939393939,0.865979381443299,0.9207920792079208,0.04826421706156997,396,0.6666666666666666,0.3037031934111019,0.3157894736842105,0.7931034482758621
pU-h7TkHK6w,test,2017,2016-20,m,SF,Rafael Nadal v Juan Martin Del Potro,185,165,159,0.8594594594594595,1.0,0.8490566037735849,158,0.7151898734177216,0.9240506329113924,-0.13291139240506328,0.4240506329113924,1.0,"{'4': 4.74, '5': 2.85, '6': 2.06}",0.9838321293429653,"{'1': 2.49, '2': -0.18, '3': -2.85}",0.9841205578047684,0.9637334315169367,4.88011694231176,13.559343619393443,658,0.9620060790273556,0.9749216300940439,0.9498525073746312,0.023930037424379068,658,0.9042553191489362,0.3724190915202151,0.6451612903225806,1.0
LVjO-dH0P6c,test,2020,2016-20,w,F,Naomi Osaka v Victoria Azarenka,170,163,145,0.8529411764705882,0.9793103448275862,0.8413793103448276,143,0.6153846153846154,0.8811188811188811,-0.27972027972027974,0.7832167832167832,1.0,"{'4': 4.58, '5': 3.15, '6': 2.34}",0.9028502609393818,"{'1': 2.43, '2': -0.27, '3': -2.42}",0.9852637377771656,0.9821153846153846,7.52820186870737,13.004592683693138,496,0.9395161290322581,0.948936170212766,0.9310344827586207,0.04202922469881359,496,0.9133064516129032,0.34551867885201215,0.5,0.5
8gP591_wx_k,test,2023,2021-25,w,QF,Jelena Ostapenko v Coco Gauff,93,95,88,0.946236559139785,0.9659090909090909,0.7840909090909091,87,0.5517241379310345,0.8735632183908046,-0.022988505747126436,0.6206896551724138,1.0,"{'4': 3.78, '5': 3.22, '6': 1.92}",0.9368421052631578,"{'1': 1.96, '2': -0.44, '3': -2.35}",0.9982510687912942,0.8994322789943228,8.105009020502415,13.014039410535467,260,0.9730769230769231,0.9767441860465116,0.9694656488549618,0.027792264722090614,260,0.9230769230769231,0.42531986531986526,0.4,0.5
1--9o0zP528,test,2025,2021-25,m,QF,Jiri Lehecka v Carlos Alcaraz,157,146,137,0.8726114649681529,0.9854014598540146,0.8613138686131386,137,0.49635036496350365,0.7737226277372263,-0.5912408759124088,0.9416058394160584,0.9922480620155039,"{'4': 4.7, '5': 3.05, '6': 1.89}",0.86159169550173,"{'1': 2.25, '2': -0.49, '3': -2.85}",0.9774149659863947,0.96345421193735,6.611752576870564,13.26650339091665,370,0.9351351351351351,0.945054945054945,0.925531914893617,0.05898645235856868,370,0.845945945945946,0.40130202695136064,0.4375,0.75
